Product,MP,Drop It,Miles,Pronto,HH
BANANAS,https://www.marketplace.bm/shop/produce/tropical/yellow_bananas/p/12413,https://www.dropit.bm/shop/produce/fresh_fruit/bananas_plantains/bananas_imported/p/1564405684689979256,https://shop.miles.bm/shop/produce/fresh_fruit/bananas_plantains/bananas/p/12413,https://pronto.bm/product/bananas-imported-1lb,https://www.harringtonhundreds.bm/shop/produce/tropical/yellow_bananas/p/12413
AVOCADO_HASS,https://www.marketplace.bm/shop/produce/tropical_fruit/green_avocados_large/p/78563,https://www.dropit.bm/shop/produce/fresh_vegetables/avocados/avocado_haas/p/7178511,https://shop.miles.bm/shop/produce/fresh_vegetables/avocados/avocados_imp_small/p/12467,https://pronto.bm/product/avocados-1-ct,https://www.harringtonhundreds.bm/shop/produce/tropical/avocados_hass_green/p/1564405684714598205
STRAWBERRIES,https://www.marketplace.bm/shop/produce/berries/strawberries_pint/p/2311226,https://www.dropit.bm/shop/produce/fresh_fruit/berries_cherries/driscoll_s_strawberries_fresh_16_oz/p/147301,https://shop.miles.bm/shop/produce/fresh_fruit/berries_cherries/driscoll_s_strawberries/p/147301,https://pronto.bm/product/strawberries-driscolls-16-oz,https://www.harringtonhundreds.bm/shop/produce/berries/foxy_berries_strawberries/p/1564405684714598181
GRAPES_GREEN,https://www.marketplace.bm/shop/produce/grapes/white_green_seedless_grapes/p/2311218,https://www.dropit.bm/shop/produce/fresh_fruit/grapes/grapes_green/p/7303673,https://shop.miles.bm/shop/produce/fresh_fruit/grapes/white_green_seedless_grapes/p/2311218,https://pronto.bm/product/grapes-green-seedless-1-lb,https://www.harringtonhundreds.bm/shop/produce/grapes/white_green_seedless_grapes/p/2311218
MILK_HALF_GALLON,https://www.marketplace.bm/shop/dairy/milk_milk_products/dunkleys_dunkley_s_fresh_milk_1_2_ga/p/1564405684704421332,https://www.dropit.bm/shop/dairy/milk_cream/milk/dunkleys_milk_fresh_1_2_gallon/p/1564405684704421332,https://shop.miles.bm/shop/dairy/milk_cream/milk/dunkley_s_homogenized_milk/p/1564405684704421332,https://pronto.bm/product/dunkleys-fresh-milk-64-oz,https://www.harringtonhundreds.bm/shop/dairy/milk_milk_products/dunkleys_dunkley_s_fresh_milk_1_2_ga/p/1564405684704421332
BLUEBERRIES,https://www.marketplace.bm/shop/produce/berries/blueberries/p/2210971,https://www.dropit.bm/shop/produce/fresh_fruit/berries_cherries/driscoll_s_blueberries_fresh_blueberries_conventional_1_pt/p/147306,https://shop.miles.bm/shop/produce/fresh_fruit/berries_cherries/driscoll_s_blueberries/p/147306,https://pronto.bm/product/blueberries-16-oz,https://www.harringtonhundreds.bm/shop/produce/berries/driscolls_blueberries/p/1564405684714598208
MANDARINS,https://www.marketplace.bm/shop/produce/citrus/vintage_sweets_oranges_1_ea/p/6063813,https://www.dropit.bm/shop/produce/fresh_fruit/citrus/halos_pure_goodness_mandarins_california/p/128856,https://shop.miles.bm/shop/produce/fresh_fruit/citrus/halo_mandarin_oranges/p/128856,https://pronto.bm/product/mandarins-3-lb-halos,https://www.harringtonhundreds.bm/shop/produce/citrus/clementines/p/1564405684714598172
BROCCOLI,https://www.marketplace.bm/shop/produce/greens_vegetables/broccoli_crowns/p/77935,https://www.dropit.bm/shop/produce/fresh_vegetables/broccoli_cauliflower/broccoli_crowns/p/1564405684689837509,https://shop.miles.bm/shop/produce/fresh_vegetables/broccoli_cauliflower/broccoli/p/2311257,https://pronto.bm/product/broccoli-15-lb,https://www.harringtonhundreds.bm/shop/produce/greens_vegetables/broccolini/p/1564405684714598192
CARROTS,https://www.marketplace.bm/shop/produce/carrots/carrots/p/193517,https://www.dropit.bm/shop/produce/fresh_vegetables/carrots_beets/carrots_bag/p/1564405684705297747,https://shop.miles.bm/shop/produce/fresh_vegetables/carrots_beets/bunch_carrots/p/12451,https://pronto.bm/product/carrots-local-fresh-2-lb,https://www.harringtonhundreds.bm/shop/produce/greens_vegetables/local_carrots/p/193517
EGGS_18_PACK,https://www.marketplace.bm/shop/dairy/eggs/eggland_s_best_eggs_large_18_ea/p/54279,N/A,N/A,N/A,https://www.harringtonhundreds.bm/shop/dairy/eggs/eggland_s_best_eggs_large_18_ea/p/54279
GRAPES_RED,https://www.marketplace.bm/shop/produce/tbd_new_item_category/red_seedless_grapes/p/12419,https://www.dropit.bm/shop/produce/fresh_fruit/grapes/grapes_red/p/7997419,https://shop.miles.bm/shop/produce/fresh_fruit/grapes/red_seedless_grapes/p/12419,https://pronto.bm/product/grapes-red-seedless-1-lb,https://www.harringtonhundreds.bm/shop/produce/grapes/grapes_red_seedless/p/1564405684714598179
APPLES_GALA,https://www.marketplace.bm/shop/stemilt_apples_gala_3_lb/p/2450258,https://www.dropit.bm/shop/produce/fresh_fruit/apples/stemilt_apples_gala_3_lb/p/2450258,N/A,https://pronto.bm/product/apples-lil-snappers-gala-3-lb,https://www.harringtonhundreds.bm/shop/produce/apples/lil_snappers_lil_s_apples_pink_lady/p/1764405684714888362
BREAD_HONEY_WHEAT,https://www.marketplace.bm/shop/grocery/bread_rolls/nature_s_own_hny_whe_20_oz_20_oz/p/40258,https://www.dropit.bm/shop/bakery/breads_from_the_aisle/nature_s_own_hny_whe_20_oz_20_oz/p/40258,https://shop.miles.bm/shop/bakery/breads_from_the_aisle/multi_grain_whole_wheat_bread/nature_s_own_hny_whe_20_oz_20_oz/p/40258,https://pronto.bm/product/natures-own-honey-wheat-bread-20-oz,https://www.harringtonhundreds.bm/shop/grocery/bread_rolls/nature_s_own_hny_whe_20_oz_20_oz/p/40258
EGGS_BROWN,https://www.marketplace.bm/shop/dairy/eggs/dunkley_s_imported_brown_eggs/p/2472766,https://www.dropit.bm/shop/dairy/eggs/farm_fresh_noahs_pride_large_brown_cage_free_eggs/p/1564405684703318618,https://shop.miles.bm/shop/dairy/eggs/dunkley_s_eggs_gr_a_lrg_brown/p/2472766,https://pronto.bm/product/dunkleys-large-brown-eggs-12-ct,https://www.harringtonhundreds.bm/shop/dairy/eggs/dunkley_s_imported_brown_eggs/p/2472766
CODFISH,https://www.marketplace.bm/shop/meat/fish_salted/oceans_finest_codfish/p/1564405684704454557,https://www.dropit.bm/shop/seafood/bermuda_s_best_codfish/p/1564405684704429931,N/A,https://pronto.bm/product/gonsalves-codfish-portuguese-style-42-oz,https://www.harringtonhundreds.bm/shop/meat/fish_salted/oceans_finest_codfish/p/1564405684704454557
SUGAR,https://www.marketplace.bm/shop/grocery/sugar/domino_sugar_granulated_premium_pure_cane_4_lb/p/33409,https://www.dropit.bm/shop/pantry/cooking_baking_needs/sugars_sweeteners/domino_sugar_granulated_premium_pure_cane_4_lb/p/33409,https://shop.miles.bm/shop/pantry/cooking_baking_needs/sugars_sweeteners/domino_sugar_granulated_premium_pure_cane_4_lb/p/33409,https://pronto.bm/product/domino-granulated-sugar-4-lb,https://www.harringtonhundreds.bm/shop/grocery/sugar/domino_sugar_granulated_premium_pure_cane_4_lb/p/33409
APPLES_PINK_LADY,https://www.marketplace.bm/shop/stemilt_apples_pink_lady_3_lb/p/2450261,N/A,N/A,https://pronto.bm/product/apples-lil-snappers-pink-lady-3-lb,https://www.harringtonhundreds.bm/shop/produce/apples/lil_snappers_lil_s_apples_pink_lady/p/1764405684714888362
SANDWICH_BREAD,https://www.marketplace.bm/shop/grocery/bread_rolls/crow_lane_sandwich_bread/p/1564405684704428422,https://www.dropit.bm/shop/bakery/breads_from_the_aisle/crow_lane_white_sandwich_bread/p/1564405684704428422,N/A,https://pronto.bm/product/sandwich-bread-white-crow-lane,https://www.harringtonhundreds.bm/shop/grocery/bread_rolls/crow_lane_sandwich_bread/p/1564405684704428422
ORANGE_NAVEL,https://www.marketplace.bm/shop/produce/citrus/midknight_oranges_medium/p/2310639,https://www.dropit.bm/shop/produce/fresh_fruit/citrus/navel_oranges_large/p/1564405684704784437,https://shop.miles.bm/shop/produce/fresh_fruit/citrus/citrus_orange/p/12414,https://pronto.bm/product/navel-orange,https://www.harringtonhundreds.bm/shop/produce/citrus/sunkist_oranges_navel/p/1564405684714598178
SUPER_BOCK_BEER,https://www.marketplace.bm/shop/liquor/beer/super_bock_mini_pull_tab_25_cl/p/1564405684704454711,https://www.dropit.bm/shop/beer_wine_spirits/beer/super_bock_mini/p/1564405684704454711,https://shop.miles.bm/shop/super_bock_mini_6_pk/p/1564405684704454711,https://pronto.bm/product/super-bock-mini-beer-6-pk-250-ml,N/A
MILK_QUART,https://www.marketplace.bm/shop/dairy/milk_milk_products/dunkley_s_fresh_milk/p/1564405684704421288,https://www.dropit.bm/shop/dairy/milk_cream/milk/dunkleys_milk_fresh_quarts/p/1564405684704421288,https://shop.miles.bm/shop/dairy/milk_cream/milk/dunkley_s_homogenized_milk/p/1564405684704421288,https://pronto.bm/product/dunkleys-fresh-milk-32-oz,https://www.harringtonhundreds.bm/shop/dairy/milk_milk_products/dunkleys_dunkley_s_fresh_milk_1_qt/p/1564405684704421288
POTATOES_RUSSET,https://www.marketplace.bm/shop/produce/potatoes/russet_potatoes/p/12428,https://www.dropit.bm/shop/produce/fresh_vegetables/potatoes_onions/russet_potatoes/p/1564405684705297740,https://shop.miles.bm/shop/produce/fresh_vegetables/potatoes_onions/russet_potatoes/p/12428,https://pronto.bm/product/potatoes-russet-5-lb,https://www.harringtonhundreds.bm/shop/produce/potatoes/russet_potatoes/p/12428
CHICKEN_BREAST,https://www.marketplace.bm/shop/meat/chicken/chicken_breast_boneless_skinless/p/1564405684704454532,https://www.dropit.bm/shop/meat_poultry/chicken/chicken_breast_boneless_skinless/p/1564405684704454532,https://shop.miles.bm/shop/meat_poultry/chicken/chicken_breast_boneless_skinless/p/1564405684704454532,https://pronto.bm/product/chicken-breast-boneless-skinless-per-lb,https://www.harringtonhundreds.bm/shop/meat/chicken/chicken_breast_boneless_skinless/p/1564405684704454532
ONIONS_YELLOW,https://www.marketplace.bm/shop/produce/onions/yellow_onions/p/12427,https://www.dropit.bm/shop/produce/fresh_vegetables/potatoes_onions/yellow_onions/p/1564405684705297735,https://shop.miles.bm/shop/produce/fresh_vegetables/potatoes_onions/yellow_onions/p/12427,https://pronto.bm/product/onions-yellow-3-lb,https://www.harringtonhundreds.bm/shop/produce/onions/yellow_onions/p/12427
GROUND_BEEF,https://www.marketplace.bm/shop/meat/beef/ground_beef_80_20/p/1564405684704454527,https://www.dropit.bm/shop/meat_poultry/beef/ground_beef_80_20/p/1564405684704454527,https://shop.miles.bm/shop/meat_poultry/beef/ground_beef_80_20/p/1564405684704454527,https://pronto.bm/product/ground-beef-80-20-per-lb,https://www.harringtonhundreds.bm/shop/meat/beef/ground_beef_80_20/p/1564405684704454527
TOMATOES_CHERRY,https://www.marketplace.bm/shop/produce/tomatoes/cherry_tomatoes/p/2311235,https://www.dropit.bm/shop/produce/fresh_vegetables/tomatoes_cucumbers/cherry_tomatoes/p/1564405684705297728,https://shop.miles.bm/shop/produce/fresh_vegetables/tomatoes_cucumbers/cherry_tomatoes/p/2311235,https://pronto.bm/product/tomatoes-cherry-1-lb,https://www.harringtonhundreds.bm/shop/produce/tomatoes/cherry_tomatoes/p/2311235
BELL_PEPPER_RED,https://www.marketplace.bm/shop/produce/peppers/red_bell_peppers/p/2311244,https://www.dropit.bm/shop/produce/fresh_vegetables/peppers/red_bell_peppers/p/1564405684689837533,https://shop.miles.bm/shop/produce/fresh_vegetables/peppers/red_bell_peppers/p/2311244,https://pronto.bm/product/bell-pepper-red-each,https://www.harringtonhundreds.bm/shop/produce/peppers/red_bell_peppers/p/2311244
CUCUMBER,https://www.marketplace.bm/shop/produce/cucumbers/cucumbers/p/2311236,https://www.dropit.bm/shop/produce/fresh_vegetables/tomatoes_cucumbers/cucumbers/p/1564405684705297729,https://shop.miles.bm/shop/produce/fresh_vegetables/tomatoes_cucumbers/cucumbers/p/2311236,https://pronto.bm/product/cucumber-each,https://www.harringtonhundreds.bm/shop/produce/cucumbers/cucumbers/p/2311236
LETTUCE_ROMAINE,https://www.marketplace.bm/shop/produce/lettuce/romaine_lettuce/p/2311249,https://www.dropit.bm/shop/produce/fresh_vegetables/lettuce_salads/romaine_lettuce/p/1564405684689837512,https://shop.miles.bm/shop/produce/fresh_vegetables/lettuce_salads/romaine_lettuce/p/2311249,https://pronto.bm/product/lettuce-romaine-each,https://www.harringtonhundreds.bm/shop/produce/lettuce/romaine_lettuce/p/2311249
PASTA_SPAGHETTI,https://www.marketplace.bm/shop/grocery/pasta_rice/barilla_spaghetti_1_lb/p/1564405684704454485,https://www.dropit.bm/shop/pantry/pasta_rice_grains/pasta/barilla_spaghetti_1_lb/p/1564405684704454485,https://shop.miles.bm/shop/pantry/pasta_rice_grains/pasta/barilla_spaghetti_1_lb/p/1564405684704454485,https://pronto.bm/product/pasta-barilla-spaghetti-1-lb,https://www.harringtonhundreds.bm/shop/grocery/pasta_rice/barilla_spaghetti_1_lb/p/1564405684704454485
RICE_WHITE,https://www.marketplace.bm/shop/grocery/pasta_rice/uncle_bens_rice_white_2_lb/p/1564405684704454490,https://www.dropit.bm/shop/pantry/pasta_rice_grains/rice/uncle_bens_rice_white_2_lb/p/1564405684704454490,https://shop.miles.bm/shop/pantry/pasta_rice_grains/rice/uncle_bens_rice_white_2_lb/p/1564405684704454490,https://pronto.bm/product/rice-uncle-bens-white-2-lb,https://www.harringtonhundreds.bm/shop/grocery/pasta_rice/uncle_bens_rice_white_2_lb/p/1564405684704454490
FLOUR_ALL_PURPOSE,https://www.marketplace.bm/shop/grocery/flour_baking/gold_medal_flour_all_purpose_5_lb/p/1564405684704454495,https://www.dropit.bm/shop/pantry/cooking_baking_needs/flour_baking/gold_medal_flour_all_purpose_5_lb/p/1564405684704454495,https://shop.miles.bm/shop/pantry/cooking_baking_needs/flour_baking/gold_medal_flour_all_purpose_5_lb/p/1564405684704454495,https://pronto.bm/product/flour-gold-medal-all-purpose-5-lb,https://www.harringtonhundreds.bm/shop/grocery/flour_baking/gold_medal_flour_all_purpose_5_lb/p/1564405684704454495
OIL_OLIVE,https://www.marketplace.bm/shop/grocery/oils_vinegars/bertolli_olive_oil_extra_virgin_500ml/p/1564405684704454500,https://www.dropit.bm/shop/pantry/cooking_baking_needs/oils_vinegars/bertolli_olive_oil_extra_virgin_500ml/p/1564405684704454500,https://shop.miles.bm/shop/pantry/cooking_baking_needs/oils_vinegars/bertolli_olive_oil_extra_virgin_500ml/p/1564405684704454500,https://pronto.bm/product/olive-oil-bertolli-extra-virgin-500ml,https://www.harringtonhundreds.bm/shop/grocery/oils_vinegars/bertolli_olive_oil_extra_virgin_500ml/p/1564405684704454500
SALT_TABLE,https://www.marketplace.bm/shop/grocery/spices_seasonings/morton_salt_table_26_oz/p/1564405684704454505,https://www.dropit.bm/shop/pantry/cooking_baking_needs/spices_seasonings/morton_salt_table_26_oz/p/1564405684704454505,https://shop.miles.bm/shop/pantry/cooking_baking_needs/spices_seasonings/morton_salt_table_26_oz/p/1564405684704454505,https://pronto.bm/product/salt-morton-table-26-oz,https://www.harringtonhundreds.bm/shop/grocery/spices_seasonings/morton_salt_table_26_oz/p/1564405684704454505
BUTTER_UNSALTED,https://www.marketplace.bm/shop/dairy/butter_margarine/land_o_lakes_butter_unsalted_1_lb/p/1564405684704454510,https://www.dropit.bm/shop/dairy/butter_margarine/land_o_lakes_butter_unsalted_1_lb/p/1564405684704454510,https://shop.miles.bm/shop/dairy/butter_margarine/land_o_lakes_butter_unsalted_1_lb/p/1564405684704454510,https://pronto.bm/product/butter-land-o-lakes-unsalted-1-lb,https://www.harringtonhundreds.bm/shop/dairy/butter_margarine/land_o_lakes_butter_unsalted_1_lb/p/1564405684704454510
CHEESE_CHEDDAR,https://www.marketplace.bm/shop/dairy/cheese/kraft_cheddar_cheese_mild_8_oz/p/1564405684704454515,https://www.dropit.bm/shop/dairy/cheese/kraft_cheddar_cheese_mild_8_oz/p/1564405684704454515,https://shop.miles.bm/shop/dairy/cheese/kraft_cheddar_cheese_mild_8_oz/p/1564405684704454515,https://pronto.bm/product/cheese-kraft-cheddar-mild-8-oz,https://www.harringtonhundreds.bm/shop/dairy/cheese/kraft_cheddar_cheese_mild_8_oz/p/1564405684704454515
YOGURT_GREEK,https://www.marketplace.bm/shop/dairy/yogurt/chobani_greek_yogurt_vanilla_32_oz/p/1564405684704454520,https://www.dropit.bm/shop/dairy/yogurt/chobani_greek_yogurt_vanilla_32_oz/p/1564405684704454520,https://shop.miles.bm/shop/dairy/yogurt/chobani_greek_yogurt_vanilla_32_oz/p/1564405684704454520,https://pronto.bm/product/yogurt-chobani-greek-vanilla-32-oz,https://www.harringtonhundreds.bm/shop/dairy/yogurt/chobani_greek_yogurt_vanilla_32_oz/p/1564405684704454520
CEREAL_CHEERIOS,https://www.marketplace.bm/shop/grocery/cereal/general_mills_cheerios_12_oz/p/1564405684704454525,https://www.dropit.bm/shop/pantry/breakfast_cereal/general_mills_cheerios_12_oz/p/1564405684704454525,https://shop.miles.bm/shop/pantry/breakfast_cereal/general_mills_cheerios_12_oz/p/1564405684704454525,https://pronto.bm/product/cereal-general-mills-cheerios-12-oz,https://www.harringtonhundreds.bm/shop/grocery/cereal/general_mills_cheerios_12_oz/p/1564405684704454525
COFFEE_GROUND,https://www.marketplace.bm/shop/grocery/coffee_tea/folgers_coffee_ground_classic_roast_30_oz/p/1564405684704454530,https://www.dropit.bm/shop/pantry/coffee_tea/folgers_coffee_ground_classic_roast_30_oz/p/1564405684704454530,https://shop.miles.bm/shop/pantry/coffee_tea/folgers_coffee_ground_classic_roast_30_oz/p/1564405684704454530,https://pronto.bm/product/coffee-folgers-ground-classic-roast-30-oz,https://www.harringtonhundreds.bm/shop/grocery/coffee_tea/folgers_coffee_ground_classic_roast_30_oz/p/1564405684704454530
SODA_COCA_COLA,https://www.marketplace.bm/shop/beverages/soft_drinks/coca_cola_classic_12_pack/p/1564405684704454535,https://www.dropit.bm/shop/beverages/soft_drinks/coca_cola_classic_12_pack/p/1564405684704454535,https://shop.miles.bm/shop/beverages/soft_drinks/coca_cola_classic_12_pack/p/1564405684704454535,https://pronto.bm/product/soda-coca-cola-classic-12-pack,https://www.harringtonhundreds.bm/shop/beverages/soft_drinks/coca_cola_classic_12_pack/p/1564405684704454535
WATER_BOTTLED,https://www.marketplace.bm/shop/beverages/water/dasani_water_bottles_24_pack/p/1564405684704454540,https://www.dropit.bm/shop/beverages/water/dasani_water_bottles_24_pack/p/1564405684704454540,https://shop.miles.bm/shop/beverages/water/dasani_water_bottles_24_pack/p/1564405684704454540,https://pronto.bm/product/water-dasani-bottles-24-pack,https://www.harringtonhundreds.bm/shop/beverages/water/dasani_water_bottles_24_pack/p/1564405684704454540
BREAD_WHITE,https://www.marketplace.bm/shop/grocery/bread_rolls/wonder_bread_white_20_oz/p/1564405684704454545,https://www.dropit.bm/shop/bakery/breads_from_the_aisle/wonder_bread_white_20_oz/p/1564405684704454545,https://shop.miles.bm/shop/bakery/breads_from_the_aisle/wonder_bread_white_20_oz/p/1564405684704454545,https://pronto.bm/product/bread-wonder-white-20-oz,https://www.harringtonhundreds.bm/shop/grocery/bread_rolls/wonder_bread_white_20_oz/p/1564405684704454545
PEANUT_BUTTER,https://www.marketplace.bm/shop/grocery/spreads_jams/jif_peanut_butter_creamy_40_oz/p/1564405684704454550,https://www.dropit.bm/shop/pantry/spreads_jams/jif_peanut_butter_creamy_40_oz/p/1564405684704454550,https://shop.miles.bm/shop/pantry/spreads_jams/jif_peanut_butter_creamy_40_oz/p/1564405684704454550,https://pronto.bm/product/peanut-butter-jif-creamy-40-oz,https://www.harringtonhundreds.bm/shop/grocery/spreads_jams/jif_peanut_butter_creamy_40_oz/p/1564405684704454550
JELLY_GRAPE,https://www.marketplace.bm/shop/grocery/spreads_jams/smuckers_jelly_grape_32_oz/p/1564405684704454555,https://www.dropit.bm/shop/pantry/spreads_jams/smuckers_jelly_grape_32_oz/p/1564405684704454555,https://shop.miles.bm/shop/pantry/spreads_jams/smuckers_jelly_grape_32_oz/p/1564405684704454555,https://pronto.bm/product/jelly-smuckers-grape-32-oz,https://www.harringtonhundreds.bm/shop/grocery/spreads_jams/smuckers_jelly_grape_32_oz/p/1564405684704454555
TUNA_CANNED,https://www.marketplace.bm/shop/grocery/canned_goods/starkist_tuna_water_5_oz/p/1564405684704454560,https://www.dropit.bm/shop/pantry/canned_goods/starkist_tuna_water_5_oz/p/1564405684704454560,https://shop.miles.bm/shop/pantry/canned_goods/starkist_tuna_water_5_oz/p/1564405684704454560,https://pronto.bm/product/tuna-starkist-water-5-oz,https://www.harringtonhundreds.bm/shop/grocery/canned_goods/starkist_tuna_water_5_oz/p/1564405684704454560
SOUP_CHICKEN_NOODLE,https://www.marketplace.bm/shop/grocery/soups_sauces/campbells_soup_chicken_noodle_10_oz/p/1564405684704454565,https://www.dropit.bm/shop/pantry/soups_sauces/campbells_soup_chicken_noodle_10_oz/p/1564405684704454565,https://shop.miles.bm/shop/pantry/soups_sauces/campbells_soup_chicken_noodle_10_oz/p/1564405684704454565,https://pronto.bm/product/soup-campbells-chicken-noodle-10-oz,https://www.harringtonhundreds.bm/shop/grocery/soups_sauces/campbells_soup_chicken_noodle_10_oz/p/1564405684704454565
CRACKERS_SALTINES,https://www.marketplace.bm/shop/grocery/snacks/premium_saltine_crackers_16_oz/p/1564405684704454570,https://www.dropit.bm/shop/pantry/snacks/premium_saltine_crackers_16_oz/p/1564405684704454570,https://shop.miles.bm/shop/pantry/snacks/premium_saltine_crackers_16_oz/p/1564405684704454570,https://pronto.bm/product/crackers-premium-saltine-16-oz,https://www.harringtonhundreds.bm/shop/grocery/snacks/premium_saltine_crackers_16_oz/p/1564405684704454570
CHIPS_POTATO,https://www.marketplace.bm/shop/grocery/snacks/lays_potato_chips_original_10_oz/p/1564405684704454575,https://www.dropit.bm/shop/pantry/snacks/lays_potato_chips_original_10_oz/p/1564405684704454575,https://shop.miles.bm/shop/pantry/snacks/lays_potato_chips_original_10_oz/p/1564405684704454575,https://pronto.bm/product/chips-lays-potato-original-10-oz,https://www.harringtonhundreds.bm/shop/grocery/snacks/lays_potato_chips_original_10_oz/p/1564405684704454575
COOKIES_CHOCOLATE_CHIP,https://www.marketplace.bm/shop/grocery/cookies_baking/chips_ahoy_cookies_chocolate_chip_13_oz/p/1564405684704454580,https://www.dropit.bm/shop/pantry/cookies_baking/chips_ahoy_cookies_chocolate_chip_13_oz/p/1564405684704454580,https://shop.miles.bm/shop/pantry/cookies_baking/chips_ahoy_cookies_chocolate_chip_13_oz/p/1564405684704454580,https://pronto.bm/product/cookies-chips-ahoy-chocolate-chip-13-oz,https://www.harringtonhundreds.bm/shop/grocery/cookies_baking/chips_ahoy_cookies_chocolate_chip_13_oz/p/1564405684704454580
ICE_CREAM_VANILLA,https://www.marketplace.bm/shop/frozen/ice_cream/breyers_ice_cream_vanilla_48_oz/p/1564405684704454585,https://www.dropit.bm/shop/frozen/ice_cream/breyers_ice_cream_vanilla_48_oz/p/1564405684704454585,https://shop.miles.bm/shop/frozen/ice_cream/breyers_ice_cream_vanilla_48_oz/p/1564405684704454585,https://pronto.bm/product/ice-cream-breyers-vanilla-48-oz,https://www.harringtonhundreds.bm/shop/frozen/ice_cream/breyers_ice_cream_vanilla_48_oz/p/1564405684704454585
PIZZA_FROZEN,https://www.marketplace.bm/shop/frozen/pizza/digiorno_pizza_supreme_32_oz/p/1564405684704454590,https://www.dropit.bm/shop/frozen/pizza/digiorno_pizza_supreme_32_oz/p/1564405684704454590,https://shop.miles.bm/shop/frozen/pizza/digiorno_pizza_supreme_32_oz/p/1564405684704454590,https://pronto.bm/product/pizza-digiorno-supreme-32-oz,https://www.harringtonhundreds.bm/shop/frozen/pizza/digiorno_pizza_supreme_32_oz/p/1564405684704454590
BACON,https://www.marketplace.bm/shop/meat/pork/oscar_mayer_bacon_1_lb/p/1564405684704454595,https://www.dropit.bm/shop/meat_poultry/pork/oscar_mayer_bacon_1_lb/p/1564405684704454595,https://shop.miles.bm/shop/meat_poultry/pork/oscar_mayer_bacon_1_lb/p/1564405684704454595,https://pronto.bm/product/bacon-oscar-mayer-1-lb,https://www.harringtonhundreds.bm/shop/meat/pork/oscar_mayer_bacon_1_lb/p/1564405684704454595
HAM_SLICED,https://www.marketplace.bm/shop/deli/lunch_meat/boars_head_ham_sliced_1_lb/p/1564405684704454600,https://www.dropit.bm/shop/deli/lunch_meat/boars_head_ham_sliced_1_lb/p/1564405684704454600,https://shop.miles.bm/shop/deli/lunch_meat/boars_head_ham_sliced_1_lb/p/1564405684704454600,https://pronto.bm/product/ham-boars-head-sliced-1-lb,https://www.harringtonhundreds.bm/shop/deli/lunch_meat/boars_head_ham_sliced_1_lb/p/1564405684704454600
TURKEY_SLICED,https://www.marketplace.bm/shop/deli/lunch_meat/boars_head_turkey_sliced_1_lb/p/1564405684704454605,https://www.dropit.bm/shop/deli/lunch_meat/boars_head_turkey_sliced_1_lb/p/1564405684704454605,https://shop.miles.bm/shop/deli/lunch_meat/boars_head_turkey_sliced_1_lb/p/1564405684704454605,https://pronto.bm/product/turkey-boars-head-sliced-1-lb,https://www.harringtonhundreds.bm/shop/deli/lunch_meat/boars_head_turkey_sliced_1_lb/p/1564405684704454605
SALMON_FILLET,https://www.marketplace.bm/shop/seafood/fish/salmon_fillet_atlantic_per_lb/p/1564405684704454610,https://www.dropit.bm/shop/seafood/fish/salmon_fillet_atlantic_per_lb/p/1564405684704454610,https://shop.miles.bm/shop/seafood/fish/salmon_fillet_atlantic_per_lb/p/1564405684704454610,https://pronto.bm/product/salmon-fillet-atlantic-per-lb,https://www.harringtonhundreds.bm/shop/seafood/fish/salmon_fillet_atlantic_per_lb/p/1564405684704454610
SHRIMP_FROZEN,https://www.marketplace.bm/shop/frozen/seafood/shrimp_frozen_medium_2_lb/p/1564405684704454615,https://www.dropit.bm/shop/frozen/seafood/shrimp_frozen_medium_2_lb/p/1564405684704454615,https://shop.miles.bm/shop/frozen/seafood/shrimp_frozen_medium_2_lb/p/1564405684704454615,https://pronto.bm/product/shrimp-frozen-medium-2-lb,https://www.harringtonhundreds.bm/shop/frozen/seafood/shrimp_frozen_medium_2_lb/p/1564405684704454615
PORK_CHOPS,https://www.marketplace.bm/shop/meat/pork/pork_chops_bone_in_per_lb/p/1564405684704454620,https://www.dropit.bm/shop/meat_poultry/pork/pork_chops_bone_in_per_lb/p/1564405684704454620,https://shop.miles.bm/shop/meat_poultry/pork/pork_chops_bone_in_per_lb/p/1564405684704454620,https://pronto.bm/product/pork-chops-bone-in-per-lb,https://www.harringtonhundreds.bm/shop/meat/pork/pork_chops_bone_in_per_lb/p/1564405684704454620
BEEF_STEAK_SIRLOIN,https://www.marketplace.bm/shop/meat/beef/beef_steak_sirloin_per_lb/p/1564405684704454625,https://www.dropit.bm/shop/meat_poultry/beef/beef_steak_sirloin_per_lb/p/1564405684704454625,https://shop.miles.bm/shop/meat_poultry/beef/beef_steak_sirloin_per_lb/p/1564405684704454625,https://pronto.bm/product/beef-steak-sirloin-per-lb,https://www.harringtonhundreds.bm/shop/meat/beef/beef_steak_sirloin_per_lb/p/1564405684704454625
CHICKEN_WHOLE,https://www.marketplace.bm/shop/meat/chicken/chicken_whole_per_lb/p/1564405684704454630,https://www.dropit.bm/shop/meat_poultry/chicken/chicken_whole_per_lb/p/1564405684704454630,https://shop.miles.bm/shop/meat_poultry/chicken/chicken_whole_per_lb/p/1564405684704454630,https://pronto.bm/product/chicken-whole-per-lb,https://www.harringtonhundreds.bm/shop/meat/chicken/chicken_whole_per_lb/p/1564405684704454630
SPINACH_FRESH,https://www.marketplace.bm/shop/produce/leafy_greens/spinach_fresh_5_oz/p/1564405684704454635,https://www.dropit.bm/shop/produce/fresh_vegetables/leafy_greens/spinach_fresh_5_oz/p/1564405684704454635,https://shop.miles.bm/shop/produce/fresh_vegetables/leafy_greens/spinach_fresh_5_oz/p/1564405684704454635,https://pronto.bm/product/spinach-fresh-5-oz,https://www.harringtonhundreds.bm/shop/produce/leafy_greens/spinach_fresh_5_oz/p/1564405684704454635
ASPARAGUS,https://www.marketplace.bm/shop/produce/vegetables/asparagus_bunch/p/1564405684704454640,https://www.dropit.bm/shop/produce/fresh_vegetables/asparagus_bunch/p/1564405684704454640,https://shop.miles.bm/shop/produce/fresh_vegetables/asparagus_bunch/p/1564405684704454640,https://pronto.bm/product/asparagus-bunch,https://www.harringtonhundreds.bm/shop/produce/vegetables/asparagus_bunch/p/1564405684704454640
MUSHROOMS_WHITE,https://www.marketplace.bm/shop/produce/mushrooms/mushrooms_white_8_oz/p/1564405684704454645,https://www.dropit.bm/shop/produce/fresh_vegetables/mushrooms/mushrooms_white_8_oz/p/1564405684704454645,https://shop.miles.bm/shop/produce/fresh_vegetables/mushrooms/mushrooms_white_8_oz/p/1564405684704454645,https://pronto.bm/product/mushrooms-white-8-oz,https://www.harringtonhundreds.bm/shop/produce/mushrooms/mushrooms_white_8_oz/p/1564405684704454645
ZUCCHINI,https://www.marketplace.bm/shop/produce/squash/zucchini_each/p/1564405684704454650,https://www.dropit.bm/shop/produce/fresh_vegetables/squash/zucchini_each/p/1564405684704454650,https://shop.miles.bm/shop/produce/fresh_vegetables/squash/zucchini_each/p/1564405684704454650,https://pronto.bm/product/zucchini-each,https://www.harringtonhundreds.bm/shop/produce/squash/zucchini_each/p/1564405684704454650
LIME,https://www.marketplace.bm/shop/produce/citrus/lime_each/p/1564405684704454655,https://www.dropit.bm/shop/produce/fresh_fruit/citrus/lime_each/p/1564405684704454655,https://shop.miles.bm/shop/produce/fresh_fruit/citrus/lime_each/p/1564405684704454655,https://pronto.bm/product/lime-each,https://www.harringtonhundreds.bm/shop/produce/citrus/lime_each/p/1564405684704454655
LEMON,https://www.marketplace.bm/shop/produce/citrus/lemon_each/p/1564405684704454660,https://www.dropit.bm/shop/produce/fresh_fruit/citrus/lemon_each/p/1564405684704454660,https://shop.miles.bm/shop/produce/fresh_fruit/citrus/lemon_each/p/1564405684704454660,https://pronto.bm/product/lemon-each,https://www.harringtonhundreds.bm/shop/produce/citrus/lemon_each/p/1564405684704454660
PINEAPPLE,https://www.marketplace.bm/shop/produce/tropical/pineapple_whole/p/1564405684704454665,https://www.dropit.bm/shop/produce/fresh_fruit/tropical/pineapple_whole/p/1564405684704454665,https://shop.miles.bm/shop/produce/fresh_fruit/tropical/pineapple_whole/p/1564405684704454665,https://pronto.bm/product/pineapple-whole,https://www.harringtonhundreds.bm/shop/produce/tropical/pineapple_whole/p/1564405684704454665
WATERMELON,https://www.marketplace.bm/shop/produce/melons/watermelon_whole/p/1564405684704454670,https://www.dropit.bm/shop/produce/fresh_fruit/melons/watermelon_whole/p/1564405684704454670,https://shop.miles.bm/shop/produce/fresh_fruit/melons/watermelon_whole/p/1564405684704454670,https://pronto.bm/product/watermelon-whole,https://www.harringtonhundreds.bm/shop/produce/melons/watermelon_whole/p/1564405684704454670
CANTALOUPE,https://www.marketplace.bm/shop/produce/melons/cantaloupe_whole/p/1564405684704454675,https://www.dropit.bm/shop/produce/fresh_fruit/melons/cantaloupe_whole/p/1564405684704454675,https://shop.miles.bm/shop/produce/fresh_fruit/melons/cantaloupe_whole/p/1564405684704454675,https://pronto.bm/product/cantaloupe-whole,https://www.harringtonhundreds.bm/shop/produce/melons/cantaloupe_whole/p/1564405684704454675
PEACHES,https://www.marketplace.bm/shop/produce/stone_fruit/peaches_per_lb/p/1564405684704454680,https://www.dropit.bm/shop/produce/fresh_fruit/stone_fruit/peaches_per_lb/p/1564405684704454680,https://shop.miles.bm/shop/produce/fresh_fruit/stone_fruit/peaches_per_lb/p/1564405684704454680,https://pronto.bm/product/peaches-per-lb,https://www.harringtonhundreds.bm/shop/produce/stone_fruit/peaches_per_lb/p/1564405684704454680
PLUMS,https://www.marketplace.bm/shop/produce/stone_fruit/plums_per_lb/p/1564405684704454685,https://www.dropit.bm/shop/produce/fresh_fruit/stone_fruit/plums_per_lb/p/1564405684704454685,https://shop.miles.bm/shop/produce/fresh_fruit/stone_fruit/plums_per_lb/p/1564405684704454685,https://pronto.bm/product/plums-per-lb,https://www.harringtonhundreds.bm/shop/produce/stone_fruit/plums_per_lb/p/1564405684704454685
APRICOTS,https://www.marketplace.bm/shop/produce/stone_fruit/apricots_per_lb/p/1564405684704454690,https://www.dropit.bm/shop/produce/fresh_fruit/stone_fruit/apricots_per_lb/p/1564405684704454690,https://shop.miles.bm/shop/produce/fresh_fruit/stone_fruit/apricots_per_lb/p/1564405684704454690,https://pronto.bm/product/apricots-per-lb,https://www.harringtonhundreds.bm/shop/produce/stone_fruit/apricots_per_lb/p/1564405684704454690
CHERRIES,https://www.marketplace.bm/shop/produce/berries/cherries_per_lb/p/1564405684704454695,https://www.dropit.bm/shop/produce/fresh_fruit/berries_cherries/cherries_per_lb/p/1564405684704454695,https://shop.miles.bm/shop/produce/fresh_fruit/berries_cherries/cherries_per_lb/p/1564405684704454695,https://pronto.bm/product/cherries-per-lb,https://www.harringtonhundreds.bm/shop/produce/berries/cherries_per_lb/p/1564405684704454695
KIWI,https://www.marketplace.bm/shop/produce/tropical/kiwi_each/p/1564405684704454700,https://www.dropit.bm/shop/produce/fresh_fruit/tropical/kiwi_each/p/1564405684704454700,https://shop.miles.bm/shop/produce/fresh_fruit/tropical/kiwi_each/p/1564405684704454700,https://pronto.bm/product/kiwi-each,https://www.harringtonhundreds.bm/shop/produce/tropical/kiwi_each/p/1564405684704454700
MANGO,https://www.marketplace.bm/shop/produce/tropical/mango_each/p/1564405684704454705,https://www.dropit.bm/shop/produce/fresh_fruit/tropical/mango_each/p/1564405684704454705,https://shop.miles.bm/shop/produce/fresh_fruit/tropical/mango_each/p/1564405684704454705,https://pronto.bm/product/mango-each,https://www.harringtonhundreds.bm/shop/produce/tropical/mango_each/p/1564405684704454705
PAPAYA,https://www.marketplace.bm/shop/produce/tropical/papaya_each/p/1564405684704454710,https://www.dropit.bm/shop/produce/fresh_fruit/tropical/papaya_each/p/1564405684704454710,https://shop.miles.bm/shop/produce/fresh_fruit/tropical/papaya_each/p/1564405684704454710,https://pronto.bm/product/papaya-each,https://www.harringtonhundreds.bm/shop/produce/tropical/papaya_each/p/1564405684704454710
COCONUT,https://www.marketplace.bm/shop/produce/tropical/coconut_whole/p/1564405684704454715,https://www.dropit.bm/shop/produce/fresh_fruit/tropical/coconut_whole/p/1564405684704454715,https://shop.miles.bm/shop/produce/fresh_fruit/tropical/coconut_whole/p/1564405684704454715,https://pronto.bm/product/coconut-whole,https://www.harringtonhundreds.bm/shop/produce/tropical/coconut_whole/p/1564405684704454715
GRAPEFRUIT,https://www.marketplace.bm/shop/produce/citrus/grapefruit_each/p/1564405684704454720,https://www.dropit.bm/shop/produce/fresh_fruit/citrus/grapefruit_each/p/1564405684704454720,https://shop.miles.bm/shop/produce/fresh_fruit/citrus/grapefruit_each/p/1564405684704454720,https://pronto.bm/product/grapefruit-each,https://www.harringtonhundreds.bm/shop/produce/citrus/grapefruit_each/p/1564405684704454720
CORN_EARS,https://www.marketplace.bm/shop/produce/corn/corn_ears_4_pack/p/1564405684704454725,https://www.dropit.bm/shop/produce/fresh_vegetables/corn/corn_ears_4_pack/p/1564405684704454725,https://shop.miles.bm/shop/produce/fresh_vegetables/corn/corn_ears_4_pack/p/1564405684704454725,https://pronto.bm/product/corn-ears-4-pack,https://www.harringtonhundreds.bm/shop/produce/corn/corn_ears_4_pack/p/1564405684704454725
SWEET_POTATO,https://www.marketplace.bm/shop/produce/potatoes/sweet_potato_per_lb/p/1564405684704454730,https://www.dropit.bm/shop/produce/fresh_vegetables/potatoes_onions/sweet_potato_per_lb/p/1564405684704454730,https://shop.miles.bm/shop/produce/fresh_vegetables/potatoes_onions/sweet_potato_per_lb/p/1564405684704454730,https://pronto.bm/product/sweet-potato-per-lb,https://www.harringtonhundreds.bm/shop/produce/potatoes/sweet_potato_per_lb/p/1564405684704454730
CAULIFLOWER,https://www.marketplace.bm/shop/produce/vegetables/cauliflower_head/p/1564405684704454735,https://www.dropit.bm/shop/produce/fresh_vegetables/broccoli_cauliflower/cauliflower_head/p/1564405684704454735,https://shop.miles.bm/shop/produce/fresh_vegetables/broccoli_cauliflower/cauliflower_head/p/1564405684704454735,https://pronto.bm/product/cauliflower-head,https://www.harringtonhundreds.bm/shop/produce/vegetables/cauliflower_head/p/1564405684704454735
CABBAGE,https://www.marketplace.bm/shop/produce/vegetables/cabbage_head/p/1564405684704454740,https://www.dropit.bm/shop/produce/fresh_vegetables/cabbage_head/p/1564405684704454740,https://shop.miles.bm/shop/produce/fresh_vegetables/cabbage_head/p/1564405684704454740,https://pronto.bm/product/cabbage-head,https://www.harringtonhundreds.bm/shop/produce/vegetables/cabbage_head/p/1564405684704454740
GREEN_BEANS,https://www.marketplace.bm/shop/produce/vegetables/green_beans_per_lb/p/1564405684704454745,https://www.dropit.bm/shop/produce/fresh_vegetables/green_beans_per_lb/p/1564405684704454745,https://shop.miles.bm/shop/produce/fresh_vegetables/green_beans_per_lb/p/1564405684704454745,https://pronto.bm/product/green-beans-per-lb,https://www.harringtonhundreds.bm/shop/produce/vegetables/green_beans_per_lb/p/1564405684704454745
CELERY,https://www.marketplace.bm/shop/produce/vegetables/celery_bunch/p/1564405684704454750,https://www.dropit.bm/shop/produce/fresh_vegetables/celery_bunch/p/1564405684704454750,https://shop.miles.bm/shop/produce/fresh_vegetables/celery_bunch/p/1564405684704454750,https://pronto.bm/product/celery-bunch,https://www.harringtonhundreds.bm/shop/produce/vegetables/celery_bunch/p/1564405684704454750
RADISHES,https://www.marketplace.bm/shop/produce/vegetables/radishes_bunch/p/1564405684704454755,https://www.dropit.bm/shop/produce/fresh_vegetables/radishes_bunch/p/1564405684704454755,https://shop.miles.bm/shop/produce/fresh_vegetables/radishes_bunch/p/1564405684704454755,https://pronto.bm/product/radishes-bunch,https://www.harringtonhundreds.bm/shop/produce/vegetables/radishes_bunch/p/1564405684704454755
BEETS,https://www.marketplace.bm/shop/produce/vegetables/beets_bunch/p/1564405684704454760,https://www.dropit.bm/shop/produce/fresh_vegetables/carrots_beets/beets_bunch/p/1564405684704454760,https://shop.miles.bm/shop/produce/fresh_vegetables/carrots_beets/beets_bunch/p/1564405684704454760,https://pronto.bm/product/beets-bunch,https://www.harringtonhundreds.bm/shop/produce/vegetables/beets_bunch/p/1564405684704454760
TURNIPS,https://www.marketplace.bm/shop/produce/vegetables/turnips_bunch/p/1564405684704454765,https://www.dropit.bm/shop/produce/fresh_vegetables/turnips_bunch/p/1564405684704454765,https://shop.miles.bm/shop/produce/fresh_vegetables/turnips_bunch/p/1564405684704454765,https://pronto.bm/product/turnips-bunch,https://www.harringtonhundreds.bm/shop/produce/vegetables/turnips_bunch/p/1564405684704454765
SQUASH_BUTTERNUT,https://www.marketplace.bm/shop/produce/squash/butternut_squash_each/p/1564405684704454770,https://www.dropit.bm/shop/produce/fresh_vegetables/squash/butternut_squash_each/p/1564405684704454770,https://shop.miles.bm/shop/produce/fresh_vegetables/squash/butternut_squash_each/p/1564405684704454770,https://pronto.bm/product/butternut-squash-each,https://www.harringtonhundreds.bm/shop/produce/squash/butternut_squash_each/p/1564405684704454770
PUMPKIN,https://www.marketplace.bm/shop/produce/squash/pumpkin_each/p/1564405684704454775,https://www.dropit.bm/shop/produce/fresh_vegetables/squash/pumpkin_each/p/1564405684704454775,https://shop.miles.bm/shop/produce/fresh_vegetables/squash/pumpkin_each/p/1564405684704454775,https://pronto.bm/product/pumpkin-each,https://www.harringtonhundreds.bm/shop/produce/squash/pumpkin_each/p/1564405684704454775